{"metadata":{"asset_id":"c0a1f5eb-dadb-443c-8c44-569ce6fcd3e1","asset_attributes":["notebook","location_definition"],"name":"RecipePrepAgent","asset_type":"notebook","created_at":"2025-07-31T16:27:16Z","description":"","origin_country":"us","owner_id":"IBMid-6960010WYE","project_id":"10d0231a-e8b1-4e4d-809f-75f054c30d44","size":33366,"tags":["notebook"],"usage":{"last_update_time":1753982203620,"last_updated_at":"2025-07-31T17:16:43Z"}},"entity":{"notebook":{"originates_from":{"type":"blank"},"kernel":{"name":"python3","display_name":"Python 3.11","language":"python"},"runtime":{"environment":"rt241pys1-10d0231a-e8b1-4e4d-809f-75f054c30d44"}},"location_definition":{"physical_location_code":"DAL","physical_location_code_assigned_by":"IBMid-6960010WYE","physical_location_code_rds_id":"c57cb90f-2126-3800-9c9f-9eab82021cdf","physical_location_code_rds_version":"00002025-0731-4134-8239-127718000000_5","physical_location_code_assignment_method":"INFERRED","physical_location_code_added_on":"1753979238038"}},"attachments":[{"id":"6480a92f-2202-4b1f-9df7-a606487a9b79","version":2,"asset_type":"notebook","name":"attachment for notebook c0a1f5eb-dadb-443c-8c44-569ce6fcd3e1","description":"attachment for notebook c0a1f5eb-dadb-443c-8c44-569ce6fcd3e1","mime":"application/json","datasource_type":"193a97c1-4475-4a19-b90c-295c4fdc6517","object_key":"notebook/RecipePrepAgent-wxnotebook__da__lnuz0xvpzj.ipynb","creator_id":"IBMid-6960010WYE","create_time":1753979238043,"size":33366,"is_remote":false,"is_managed":false,"is_referenced":true,"is_object_key_read_only":false,"is_user_provided_path_key":true,"transfer_complete":true,"is_partitioned":false,"complete_time_ticks":1753979238043,"user_data":{},"test_doc":0,"handle":{"bucket":"barkavissandbox-donotdelete-pr-etwmrrglioofvv","location":"us-south","type":"bluemix_cos","key":"notebook/RecipePrepAgent-wxnotebook__da__lnuz0xvpzj.ipynb","upload_id":"done","max_part_num":1},"usage":{"access_count":8,"last_accessor_id":"IBMid-6960010WYE","last_access_time":1753982203617,"last_updater_id":"IBMid-6960010WYE","last_update_time":1753982203617}}]}
